<application>
  <component name="AiPluginSettings">
    <option name="enableAutomaticGenerationOutlines" value="true" />
    <option name="gcpProjectByEmail">
      <map>
        <entry key="romainmahier29@gmail.com">
          <value>
            <GcpProjectSettings>
              <option name="gcpProjectId" value="juicy-particle-n3z18" />
              <option name="gcpProjectName" value="juicy-particle-n3z18" />
            </GcpProjectSettings>
          </value>
        </entry>
      </map>
    </option>
    <option name="gotItToolTipsShown" value="true" />
    <option name="lastLoggedInEmail" value="romainmahier29@gmail.com" />
    <option name="shortcutNotificationShown" value="true" />
  </component>
</application>