<application>
  <component name="ProjectManager">
    <defaultProject>
      <component name="KubernetesApiProvider"><![CDATA[{}]]></component>
      <component name="PropertiesComponent"><![CDATA[{}]]></component>
      <component name="WindowStateProjectService">
        <state x="368" y="18" width="800" height="724" key="new project wizard" timestamp="1758292230734">
          <screen x="0" y="0" width="1536" height="816" />
        </state>
        <state x="368" y="18" width="800" height="724" key="new project wizard/0.0.1536.816" timestamp="1758292230734" />
      </component>
    </defaultProject>
  </component>
</application>