<application>
  <component name="StudioBotSettings">
    <option name="contextSharingModeV2" value="AlwaysShare" />
    <option name="onboardedVersion" value="3" />
    <option name="queryHistory">
      <list>
        <historyEntry timestamp="1766064621134">J'ai cette erreur : A problem was found with the configuration of task ':generateSwagger' (type 'DefaultTask').
  - Property '$1' specifies directory 'C:\Users\romai\Documents\archi_micro_service\ClientApi\src\main\resources\swagger' which doesn't exist.

* Try:
&gt; Make sure the directory exists before the task is called
&gt; Make sure that the task which produces the directory is declared as an input
&gt; Run with --scan to generate a Build Scan (powered by Develocity).
BUILD FAILED in 4s
1 actionable task: 1 executed</historyEntry>
        <historyEntry timestamp="1765997954223">Est-ce que j'ai besoin d'un toDto dans le ClientMapper</historyEntry>
        <historyEntry timestamp="1765735102808">Parfait et quelle est l'URL pour ajouter une city ?</historyEntry>
        <historyEntry timestamp="1765734897946">Comment faire pour voir la liste des comptes enregistrés ?</historyEntry>
        <historyEntry timestamp="1765734676508">Donne moi un JSON type</historyEntry>
        <historyEntry timestamp="1765734351673">Tout fonctionne. Maintenant je dois faire une API qui me permet de faire une gestion de compte utilisateur avec la possibilité de s'inscrire comment je dois m'y prendre ?</historyEntry>
        <historyEntry timestamp="1765733243192">Lorsque je fais un get sur http://localhost:8080/health j'ai aussi une erreur 404</historyEntry>
        <historyEntry timestamp="1765733151244">Lorsque je lance l'API, je n'ai aucune erreur : C:\Users\romai\.jdks\ms-17.0.16\bin\java.exe -XX:TieredStopAtLevel=1 -Dspring.output.ansi.enabled=always -Dcom.sun.management.jmxremote -Dspring.jmx.enabled=true -Dspring.liveBeansView.mbeanDomain -Dspring.application.admin.enabled=true &quot;-Dmanagement.endpoints.jmx.exposure.include=*&quot; &quot;-javaagent:C:\Program Files\JetBrains\IntelliJ IDEA 2025.2.2\lib\idea_rt.jar=62481&quot; -Dfile.encoding=UTF-8 -classpath C:\Users\romai\Documents\archi_micro_service\weather\WeatherApi\build\classes\java\main;C:\Users\romai\Documents\archi_micro_service\weather\WeatherApi\build\resources\main;C:\Users\romai\.gradle\caches\modules-2\files-2.1\io.swagger.core.v3\swagger-annotations-jakarta\2.2.16\257f733400915db992cbcc1df55dbf0273d78f89\swagger-annotations-jakarta-2.2.16.jar;C:\Users\romai\.gradle\caches\modules-2\files-2.1\org.springframework.boot\spring-boot-starter-data-jpa\3.5.6\ec77fd4b025ff3401e80be68a8a3dfbe45c7dcfa\spring-boot-starter-data-jpa-3.5.6.jar;C:\Users\romai\.gradle\caches\modules-2\files-2.1\org.springframework.cloud\spring-cloud-starter-openfeign\4.1.3\f0f5928bf0e4560be4b49f2c626cfaceb067d6c3\spring-cloud-starter-openfeign-4.1.3.jar;C:\Users\romai\.gradle\caches\modules-2\files-2.1\org.springframework.boot\spring-boot-starter-jersey\3.5.6\faf4b6ad0af49e2063152fba8243cf47551e0646\spring-boot-starter-jersey-3.5.6.jar;C:\Users\romai\.gradle\caches\modules-2\files-2.1\org.springframework.boot\spring-boot-starter\3.5.6\2a2de314809a7c4c9b7303063c1313e03fe31ad3\spring-boot-starter-3.5.6.jar;C:\Users\romai\.gradle\caches\modules-2\files-2.1\jakarta.annotation\jakarta.annotation-api\2.1.1\48b9bda22b091b1f48b13af03fe36db3be6e1ae3\jakarta.annotation-api-2.1.1.jar;C:\Users\romai\.gradle\caches\modules-2\files-2.1\javax.validation\validation-api\2.0.1.Final\cb855558e6271b1b32e716d24cb85c7f583ce09e\validation-api-2.0.1.Final.jar;C:\Users\romai\.gradle\caches\modules-2\files-2.1\javax.annotation\javax.annotation-api\1.3.2\934c04d3cfef185a8008e7bf34331b79730a9d43\javax.annotation-api-1.3.2.jar;C:\Users\romai\.gradle\caches\modules-2\files-2.1\io.github.openfeign\feign-jackson\13.3\eb2a5b9a6ac86888a1e4479ea5b60cbbf27e3644\feign-jackson-13.3.jar;C:\Users\romai\.gradle\caches\modules-2\files-2.1\io.github.openfeign\feign-okhttp\13.3\690aff9c3665d0b99bc4af83e4198daf5657d17a\feign-okhttp-13.3.jar;C:\Users\romai\.gradle\caches\modules-2\files-2.1\com.squareup.okhttp3\okhttp\4.12.0\2f4525d4a200e97e1b87449c2cd9bd2e25b7e8cd\okhttp-4.12.0.jar;C:\Users\romai\.gradle\caches\modules-2\files-2.1\com.fasterxml.jackson.core\jackson-core\2.19.2\50f3b4bd59b9ff51a0ed493e7b5abaf5c39709bf\jackson-core-2.19.2.jar;C:\Users\romai\.gradle\caches\modules-2\files-2.1\com.fasterxml.jackson.core\jackson-databind\2.20.0\f0a5e62fbd21285e9a5498a60dccb097e1ef793b\jackson-databind-2.20.0.jar;C:\Users\romai\.gradle\caches\modules-2\files-2.1\com.fasterxml.jackson.core\jackson-annotations\2.20\6a5e7291ea3f2b590a7ce400adb7b3aea4d7e12c\jackson-annotations-2.20.jar;C:\Users\romai\.gradle\caches\modules-2\files-2.1\com.h2database\h2\2.4.240\686180ad33981ad943fdc0ab381e619b2c2fdfe5\h2-2.4.240.jar;C:\Users\romai\.gradle\caches\modules-2\files-2.1\org.springframework.boot\spring-boot-starter-jdbc\3.5.6\812d2dc9a662d9ab640bea01b383e82d881fc586\spring-boot-starter-jdbc-3.5.6.jar;C:\Users\romai\.gradle\caches\modules-2\files-2.1\org.springframework.data\spring-data-jpa\3.5.4\abd37141d1bd52283aac0d962d6efa1d4d72424b\spring-data-jpa-3.5.4.jar;C:\Users\romai\.gradle\caches\modules-2\files-2.1\org.hibernate.orm\hibernate-core\6.6.29.Final\d12db68bb867e2fe6e68740b3fba3d1d633f77ff\hibernate-core-6.6.29.Final.jar;C:\Users\romai\.gradle\caches\modules-2\files-2.1\org.springframework\spring-aspects\6.2.11\e02d582f1595b101c7fa53778e91ddb71d62974e\spring-aspects-6.2.11.jar;C:\Users\romai\.gradle\caches\modules-2\files-2.1\org.springframework.cloud\spring-cloud-starter\4.1.4\e32d5329fff525c522ebe3fea48f3a0e8ad08547\spring-cloud-starter-4.1.4.jar;C:\Users\romai\.gradle\caches\modules-2\files-2.1\org.springframework.cloud\spring-cloud-openfeign-core\4.1.3\3ba236e1681b76df50813c931e14ca118f01889a\spring-cloud-openfeign-core-4.1.3.jar;C:\Users\romai\.gradle\caches\modules-2\files-2.1\org.springframework\spring-web\6.2.11\e590ac3e1aaea2d34a5ccb5c25ad84acbada8468\spring-web-6.2.11.jar;C:\Users\romai\.gradle\caches\modules-2\files-2.1\org.springframework.cloud\spring-cloud-commons\4.1.4\17a5acd971f66a9fc0f1f82d977b29a1ee081b30\spring-cloud-commons-4.1.4.jar;C:\Users\romai\.gradle\caches\modules-2\files-2.1\io.github.openfeign\feign-slf4j\13.3\f17fb81e25202c8cb7cdd1d5d130273fcd466cd3\feign-slf4j-13.3.jar;C:\Users\romai\.gradle\caches\modules-2\files-2.1\io.github.openfeign\feign-core\13.3\e7ea7cee39f5176e1da192c2fcc215b47229434b\feign-core-13.3.jar;C:\Users\romai\.gradle\caches\modules-2\files-2.1\org.springframework.boot\spring-boot-starter-json\3.5.6\62143e29dbac1e72759da7dd85fb8f85a3d582f7\spring-boot-starter-json-3.5.6.jar;C:\Users\romai\.gradle\caches\modules-2\files-2.1\org.springframework.boot\spring-boot-starter-validation\3.5.6\2ec647ae8e16b09a4aee4a17c0e7736f6214aacc\spring-boot-starter-validation-3.5.6.jar;C:\Users\romai\.gradle\caches\modules-2\files-2.1\org.springframework.boot\spring-boot-starter-tomcat\3.5.6\9384211e92c82344e23b00a580cc769724ea9a0c\spring-boot-starter-tomcat-3.5.6.jar;C:\Users\romai\.gradle\caches\modules-2\files-2.1\org.glassfish.jersey.containers\jersey-container-servlet\3.1.11\ce07cde6cbed8e612a605da0a0978417688d4c48\jersey-container-servlet-3.1.11.jar;C:\Users\romai\.gradle\caches\modules-2\files-2.1\org.glassfish.jersey.ext\jersey-spring6\3.1.11\ec68dcb9443bffdd77beeab6f38bf220197f5e15\jersey-spring6-3.1.11.jar;C:\Users\romai\.gradle\caches\modules-2\files-2.1\org.glassfish.jersey.containers\jersey-container-servlet-core\3.1.11\1ed90ffac6a6cfd9a496a3a8002dc0b2037470c4\jersey-container-servlet-core-3.1.11.jar;C:\Users\romai\.gradle\caches\modules-2\files-2.1\org.glassfish.jersey.ext\jersey-bean-validation\3.1.11\8bfe5f54a6387546aa2a5dedc1695c755a290831\jersey-bean-validation-3.1.11.jar;C:\Users\romai\.gradle\caches\modules-2\files-2.1\org.glassfish.jersey.core\jersey-server\3.1.11\b65a67a4ce399063cd88107b360d210d434f1e9a\jersey-server-3.1.11.jar;C:\Users\romai\.gradle\caches\modules-2\files-2.1\org.glassfish.jersey.media\jersey-media-json-jackson\3.1.11\c6f8fcee52cbfdacb2e611c37dc8d4fced320f21\jersey-media-json-jackson-3.1.11.jar;C:\Users\romai\.gradle\caches\modules-2\files-2.1\org.springframework.boot\spring-boot-autoconfigure\3.5.6\6b8fc2519774de4e82b0dbb5651093ce2ca20836\spring-boot-autoconfigure-3.5.6.jar;C:\Users\romai\.gradle\caches\modules-2\files-2.1\org.springframework.boot\spring-boot\3.5.6\a02f486ab700dad1f81e54cb37651d92a3f9d700\spring-boot-3.5.6.jar;C:\Users\romai\.gradle\caches\modules-2\files-2.1\org.springframework.boot\spring-boot-starter-logging\3.5.6\61717f15cb53d2a0cce6428b29adbdc2ed5f2f25\spring-boot-starter-logging-3.5.6.jar;C:\Users\romai\.gradle\caches\modules-2\files-2.1\org.springframework\spring-core\6.2.11\f4860eb6ea92abb8ae6c5e82e2e7efc395cef8d\spring-core-6.2.11.jar;C:\Users\romai\.gradle\caches\modules-2\files-2.1\org.yaml\snakeyaml\2.4\e0666b825b796f85521f02360e77f4c92c5a7a07\snakeyaml-2.4.jar;C:\Users\romai\.gradle\caches\modules-2\files-2.1\org.jetbrains.kotlin\kotlin-stdlib-jdk8\1.9.25\20d44e880a284f7b5cd99dd69450b403073f49b2\kotlin-stdlib-jdk8-1.9.25.jar;C:\Users\romai\.gradle\caches\modules-2\files-2.1\org.springframework\spring-jdbc\6.2.11\8aadfc8bed1630563c65bb5628e2175ecd508998\spring-jdbc-6.2.11.jar;C:\Users\romai\.gradle\caches\modules-2\files-2.1\com.zaxxer\HikariCP\6.3.3\7c5aec1e47a97ff40977e0193018865304ea9585\HikariCP-6.3.3.jar;C:\Users\romai\.gradle\caches\modules-2\files-2.1\org.springframework\spring-context\6.2.11\bbfb4d55385b2b65ecaf04937d209cf467eaba2f\spring-context-6.2.11.jar;C:\Users\romai\.gradle\caches\modules-2\files-2.1\org.springframework\spring-orm\6.2.11\d14df2d6ecddd2984ef5590d73c5178d7df25c11\spring-orm-6.2.11.jar;C:\Users\romai\.gradle\caches\modules-2\files-2.1\org.springframework.data\spring-data-commons\3.5.4\b61f6528cb8b39b471775a4b27f0437f6646f1e6\spring-data-commons-3.5.4.jar;C:\Users\romai\.gradle\caches\modules-2\files-2.1\org.springframework\spring-aop\6.2.11\1e970383810700506d646c2fa8943725f123f000\spring-aop-6.2.11.jar;C:\Users\romai\.gradle\caches\modules-2\files-2.1\org.springframework\spring-tx\6.2.11\f2b8bef65f6682019002c12a628886637e596261\spring-tx-6.2.11.jar;C:\Users\romai\.gradle\caches\modules-2\files-2.1\org.springframework\spring-beans\6.2.11\8d92eb837b70094d7316f6a07770eefd360bc53c\spring-beans-6.2.11.jar;C:\Users\romai\.gradle\caches\modules-2\files-2.1\org.slf4j\slf4j-api\2.0.17\d9e58ac9c7779ba3bf8142aff6c830617a7fe60f\slf4j-api-2.0.17.jar;C:\Users\romai\.gradle\caches\modules-2\files-2.1\org.antlr\antlr4-runtime\4.13.0\5a02e48521624faaf5ff4d99afc88b01686af655\antlr4-runtime-4.13.0.jar;C:\Users\romai\.gradle\caches\modules-2\files-2.1\jakarta.persistence\jakarta.persistence-api\3.1.0\66901fa1c373c6aff65c13791cc11da72060a8d6\jakarta.persistence-api-3.1.0.jar;C:\Users\romai\.gradle\caches\modules-2\files-2.1\jakarta.transaction\jakarta.transaction-api\2.0.1\51a520e3fae406abb84e2e1148e6746ce3f80a1a\jakarta.transaction-api-2.0.1.jar;C:\Users\romai\.gradle\caches\modules-2\files-2.1\org.aspectj\aspectjweaver\1.9.24\9b5aeb0cea9f958b9c57fb80e62996e95a3e9379\aspectjweaver-1.9.24.jar;C:\Users\romai\.gradle\caches\modules-2\files-2.1\org.springframework.cloud\spring-cloud-context\4.1.4\79f3f11e3c9ee32108bc21c6b3fa5b2233aed820\spring-cloud-context-4.1.4.jar;C:\Users\romai\.gradle\caches\modules-2\files-2.1\org.springframework.security\spring-security-rsa\1.1.3\3d0c30d4b9adaf350e88ea1b0a62912aee4c3eee\spring-security-rsa-1.1.3.jar;C:\Users\romai\.gradle\caches\modules-2\files-2.1\io.github.openfeign.form\feign-form-spring\3.8.0\71059f6e16ddbaf0e42f1b1aa0bb60cc2f823e4d\feign-form-spring-3.8.0.jar;C:\Users\romai\.gradle\caches\modules-2\files-2.1\commons-fileupload\commons-fileupload\1.5\ad4ad2ab2961b4e1891472bd1a33fabefb0385f3\commons-fileupload-1.5.jar;C:\Users\romai\.gradle\caches\modules-2\files-2.1\io.micrometer\micrometer-observation\1.15.4\8cd0aed0ff098a7937f2f8f81705840f2d60a432\micrometer-observation-1.15.4.jar;C:\Users\romai\.gradle\caches\modules-2\files-2.1\org.springframework.security\spring-security-crypto\6.5.5\83f9ebdd4706d23d697a7012aa946b64b54476f6\spring-security-crypto-6.5.5.jar;C:\Users\romai\.gradle\caches\modules-2\files-2.1\com.fasterxml.jackson.datatype\jackson-datatype-jdk8\2.19.2\a720d3946c3a1ab04b780f3b3163d62eee6948a0\jackson-datatype-jdk8-2.19.2.jar;C:\Users\romai\.gradle\caches\modules-2\files-2.1\com.fasterxml.jackson.datatype\jackson-datatype-jsr310\2.19.2\72e73f048b36d9df82aef146bf8b2ae63b2e28e2\jackson-datatype-jsr310-2.19.2.jar;C:\Users\romai\.gradle\caches\modules-2\files-2.1\com.fasterxml.jackson.module\jackson-module-parameter-names\2.19.2\3c4ce467c11364c72ec4967c570fd5a2d1be1d0b\jackson-module-parameter-names-2.19.2.jar;C:\Users\romai\.gradle\caches\modules-2\files-2.1\org.apache.tomcat.embed\tomcat-embed-el\10.1.46\e1fc6986d030e791415535e28fd21c0be11810de\tomcat-embed-el-10.1.46.jar;C:\Users\romai\.gradle\caches\modules-2\files-2.1\org.hibernate.validator\hibernate-validator\8.0.3.Final\4425f554297a1c5ba03a3f30e559a9fd91048cf8\hibernate-validator-8.0.3.Final.jar;C:\Users\romai\.gradle\caches\modules-2\files-2.1\org.apache.tomcat.embed\tomcat-embed-websocket\10.1.46\e98da6e2f659ec02062d2c84a07b7262e82d8b74\tomcat-embed-websocket-10.1.46.jar;C:\Users\romai\.gradle\caches\modules-2\files-2.1\org.apache.tomcat.embed\tomcat-embed-core\10.1.46\64d4eee6e42eb61492a7b84d458327bfb1c1d957\tomcat-embed-core-10.1.46.jar;C:\Users\romai\.gradle\caches\modules-2\files-2.1\org.glassfish.jersey.core\jersey-common\3.1.11\58cea05a20223bc23ffd96ade81536d61a26ac3\jersey-common-3.1.11.jar;C:\Users\romai\.gradle\caches\modules-2\files-2.1\jakarta.ws.rs\jakarta.ws.rs-api\3.1.0\15ce10d249a38865b58fc39521f10f29ab0e3363\jakarta.ws.rs-api-3.1.0.jar;C:\Users\romai\.gradle\caches\modules-2\files-2.1\org.glassfish.jersey.inject\jersey-hk2\3.1.11\3f51dfcd27ed8a773eb42f0317c9a4de07328d07\jersey-hk2-3.1.11.jar;C:\Users\romai\.gradle\caches\modules-2\files-2.1\org.glassfish.hk2\hk2\3.0.6\12187beb6321e6a7fdc2ef4d196e16c8c58a3a1\hk2-3.0.6.jar;C:\Users\romai\.gradle\caches\modules-2\files-2.1\org.glassfish.hk2\spring-bridge\3.0.6\e7047f31108550310f1ed9c2814caea58d875ccc\spring-bridge-3.0.6.jar;C:\Users\romai\.gradle\caches\modules-2\files-2.1\jakarta.inject\jakarta.inject-api\2.0.1\4c28afe1991a941d7702fe1362c365f0a8641d1e\jakarta.inject-api-2.0.1.jar;C:\Users\romai\.gradle\caches\modules-2\files-2.1\jakarta.validation\jakarta.validation-api\3.0.2\92b6631659ba35ca09e44874d3eb936edfeee532\jakarta.validation-api-3.0.2.jar;C:\Users\romai\.gradle\caches\modules-2\files-2.1\org.jboss.logging\jboss-logging\3.6.1.Final\886afbb445b4016a37c8960a7aef6ebd769ce7e5\jboss-logging-3.6.1.Final.jar;C:\Users\romai\.gradle\caches\modules-2\files-2.1\org.glassfish.expressly\expressly\5.0.0\78637fec7db6414c3ad32f3aa9e5d6610a299e5b\expressly-5.0.0.jar;C:\Users\romai\.gradle\caches\modules-2\files-2.1\org.glassfish.jersey.core\jersey-client\3.1.11\d33fa8450c53b5d4c3405e9fecdf68e8d190af64\jersey-client-3.1.11.jar;C:\Users\romai\.gradle\caches\modules-2\files-2.1\com.fasterxml.jackson.module\jackson-module-jakarta-xmlbind-annotations\2.19.2\957553ad851d562470e06f648e087a4a7bc690db\jackson-module-jakarta-xmlbind-annotations-2.19.2.jar;C:\Users\romai\.gradle\caches\modules-2\files-2.1\org.glassfish.jersey.ext\jersey-entity-filtering\3.1.11\d4e618838d81c88972989451880e55baa2143ade\jersey-entity-filtering-3.1.11.jar;C:\Users\romai\.gradle\caches\modules-2\files-2.1\jakarta.xml.bind\jakarta.xml.bind-api\4.0.2\6cd5a999b834b63238005b7144136379dc36cad2\jakarta.xml.bind-api-4.0.2.jar;C:\Users\romai\.gradle\caches\modules-2\files-2.1\ch.qos.logback\logback-classic\1.5.18\fc371f3fc97a639de2d67947cffb7518ec5e3d40\logback-classic-1.5.18.jar;C:\Users\romai\.gradle\caches\modules-2\files-2.1\org.apache.logging.log4j\log4j-to-slf4j\2.24.3\da1143e2a2531ee1c2d90baa98eb50a28a39d5a7\log4j-to-slf4j-2.24.3.jar;C:\Users\romai\.gradle\caches\modules-2\files-2.1\org.slf4j\jul-to-slf4j\2.0.17\524cb6ccc2b68a57604750e1ab8b13b5a786a6aa\jul-to-slf4j-2.0.17.jar;C:\Users\romai\.gradle\caches\modules-2\files-2.1\org.springframework\spring-jcl\6.2.11\819fc7e968ac07d4b042be7cfb8d99c267142ac7\spring-jcl-6.2.11.jar;C:\Users\romai\.gradle\caches\modules-2\files-2.1\com.squareup.okio\okio-jvm\3.6.0\5600569133b7bdefe1daf9ec7f4abeb6d13e1786\okio-jvm-3.6.0.jar;C:\Users\romai\.gradle\caches\modules-2\files-2.1\org.jetbrains.kotlin\kotlin-stdlib-jdk7\1.9.25\1c166692314a2639e5edfed0d23ed7eee4a5c7a5\kotlin-stdlib-jdk7-1.9.25.jar;C:\Users\romai\.gradle\caches\modules-2\files-2.1\org.jetbrains.kotlin\kotlin-stdlib\1.9.25\f700a2f2b8f0d6d0fde48f56d894dc722fb029d7\kotlin-stdlib-1.9.25.jar;C:\Users\romai\.gradle\caches\modules-2\files-2.1\org.springframework\spring-expression\6.2.11\7190c1c69576516efef1a061d956dccf17cb0b86\spring-expression-6.2.11.jar;C:\Users\romai\.gradle\caches\modules-2\files-2.1\org.bouncycastle\bcprov-jdk18on\1.78\619aafb92dc0b4c6cc4cf86c487ca48ee2d67a8e\bcprov-jdk18on-1.78.jar;C:\Users\romai\.gradle\caches\modules-2\files-2.1\io.github.openfeign.form\feign-form\3.8.0\3083889996b18443c275a352d3ab4bc6c8321598\feign-form-3.8.0.jar;C:\Users\romai\.gradle\caches\modules-2\files-2.1\commons-io\commons-io\2.11.0\a2503f302b11ebde7ebc3df41daebe0e4eea3689\commons-io-2.11.0.jar;C:\Users\romai\.gradle\caches\modules-2\files-2.1\io.micrometer\micrometer-commons\1.15.4\f73f10deeee5700b15c2f0f41ae79e2689b39613\micrometer-commons-1.15.4.jar;C:\Users\romai\.gradle\caches\modules-2\files-2.1\com.fasterxml\classmate\1.7.0\e98374da1f2143ac8e6e0a95036994bb19137a3\classmate-1.7.0.jar;C:\Users\romai\.gradle\caches\modules-2\files-2.1\org.glassfish.hk2\osgi-resource-locator\1.0.3\de3b21279df7e755e38275137539be5e2c80dd58\osgi-resource-locator-1.0.3.jar;C:\Users\romai\.gradle\caches\modules-2\files-2.1\org.glassfish.hk2\hk2-locator\3.0.6\92d5c92c9f23bea4b8681c6f8d6ba3d708619f81\hk2-locator-3.0.6.jar;C:\Users\romai\.gradle\caches\modules-2\files-2.1\org.javassist\javassist\3.30.2-GA\284580b5e42dfa1b8267058566435d9e93fae7f7\javassist-3.30.2-GA.jar;C:\Users\romai\.gradle\caches\modules-2\files-2.1\org.glassfish.hk2\hk2-core\3.0.6\78dfb2117c3148e357a0cec8f514e60bbf689efd\hk2-core-3.0.6.jar;C:\Users\romai\.gradle\caches\modules-2\files-2.1\org.glassfish.hk2\hk2-runlevel\3.0.6\3c347e9bb20f13d98b72ae2b4fc84f14bcbb187e\hk2-runlevel-3.0.6.jar;C:\Users\romai\.gradle\caches\modules-2\files-2.1\org.glassfish.hk2\hk2-api\3.0.6\5a5152dea2c43384f5c07985eb27140134074ecb\hk2-api-3.0.6.jar;C:\Users\romai\.gradle\caches\modules-2\files-2.1\org.glassfish.hk2\hk2-utils\3.0.6\b3187d0673c0fd52de197e52c62545c34d4eda29\hk2-utils-3.0.6.jar;C:\Users\romai\.gradle\caches\modules-2\files-2.1\org.glassfish.hk2\class-model\3.0.6\cdb59ed7b763f2fbee0a5595b2d1bad91d22f27f\class-model-3.0.6.jar;C:\Users\romai\.gradle\caches\modules-2\files-2.1\jakarta.activation\jakarta.activation-api\2.1.4\9e5c2a0d75dde71a0bedc4dbdbe47b78a5dc50f8\jakarta.activation-api-2.1.4.jar;C:\Users\romai\.gradle\caches\modules-2\files-2.1\ch.qos.logback\logback-core\1.5.18\6c0375624f6f36b4e089e2488ba21334a11ef13f\logback-core-1.5.18.jar;C:\Users\romai\.gradle\caches\modules-2\files-2.1\org.apache.logging.log4j\log4j-api\2.24.3\b02c125db8b6d295adf72ae6e71af5d83bce2370\log4j-api-2.24.3.jar;C:\Users\romai\.gradle\caches\modules-2\files-2.1\org.jetbrains\annotations\13.0\919f0dfe192fb4e063e7dacadee7f8bb9a2672a9\annotations-13.0.jar;C:\Users\romai\.gradle\caches\modules-2\files-2.1\org.glassfish.hk2.external\aopalliance-repackaged\3.0.6\e3c3f17b649c97155640616026bd32b1043b3c1d\aopalliance-repackaged-3.0.6.jar;C:\Users\romai\.gradle\caches\modules-2\files-2.1\org.ow2.asm\asm-commons\9.6\f1a9e5508eff490744144565c47326c8648be309\asm-commons-9.6.jar;C:\Users\romai\.gradle\caches\modules-2\files-2.1\org.glassfish.jaxb\jaxb-runtime\4.0.5\ca84c2a7169b5293e232b9d00d1e4e36d4c3914a\jaxb-runtime-4.0.5.jar;C:\Users\romai\.gradle\caches\modules-2\files-2.1\org.hibernate.common\hibernate-commons-annotations\7.0.3.Final\e183c4be8bb41d12e9f19b374e00c34a0a85f439\hibernate-commons-annotations-7.0.3.Final.jar;C:\Users\romai\.gradle\caches\modules-2\files-2.1\io.smallrye\jandex\3.2.0\f17ad860f62a08487b9edabde608f8ac55c62fa7\jandex-3.2.0.jar;C:\Users\romai\.gradle\caches\modules-2\files-2.1\net.bytebuddy\byte-buddy\1.17.7\3856bfab61beb23e099a0d6629f2ba8de4b98ace\byte-buddy-1.17.7.jar;C:\Users\romai\.gradle\caches\modules-2\files-2.1\org.glassfish.jaxb\jaxb-core\4.0.5\7b4b11ea5542eea4ad55e1080b23be436795b3\jaxb-core-4.0.5.jar;C:\Users\romai\.gradle\caches\modules-2\files-2.1\org.eclipse.angus\angus-activation\2.0.2\41f1e0ddd157c856926ed149ab837d110955a9fc\angus-activation-2.0.2.jar;C:\Users\romai\.gradle\caches\modules-2\files-2.1\org.glassfish.jaxb\txw2\4.0.5\f36a4ef12120a9bb06d766d6a0e54b144fd7ed98\txw2-4.0.5.jar;C:\Users\romai\.gradle\caches\modules-2\files-2.1\com.sun.istack\istack-commons-runtime\4.1.2\18ec117c85f3ba0ac65409136afa8e42bc74e739\istack-commons-runtime-4.1.2.jar com.example.ubo.weatherapi.WeatherApiApplication

  .   ____          _            __ _ _
 /\\ / ___'_ __ _ _(_)_ __  __ _ \ \ \ \
( ( )\___ | '_ | '_| | '_ \/ _` | \ \ \ \
 \\/  ___)| |_)| | | | | || (_| |  ) ) ) )
  '  |____| .__|_| |_|_| |_\__, | / / / /
 =========|_|==============|___/=/_/_/_/

 :: Spring Boot ::                (v3.5.6)

2025-12-14T18:24:34.493+01:00  INFO 25392 --- [WeatherApi] [           main] c.e.u.weatherapi.WeatherApiApplication   : Starting WeatherApiApplication using Java 17.0.16 with PID 25392 (C:\Users\romai\Documents\archi_micro_service\weather\WeatherApi\build\classes\java\main started by romai in C:\Users\romai\Documents\archi_micro_service\weather\WeatherApi)
2025-12-14T18:24:34.496+01:00  INFO 25392 --- [WeatherApi] [           main] c.e.u.weatherapi.WeatherApiApplication   : No active profile set, falling back to 1 default profile: &quot;default&quot;
2025-12-14T18:24:35.039+01:00  INFO 25392 --- [WeatherApi] [           main] .s.d.r.c.RepositoryConfigurationDelegate : Bootstrapping Spring Data JPA repositories in DEFAULT mode.
2025-12-14T18:24:35.058+01:00  INFO 25392 --- [WeatherApi] [           main] .s.d.r.c.RepositoryConfigurationDelegate : Finished Spring Data repository scanning in 12 ms. Found 0 JPA repository interfaces.
2025-12-14T18:24:35.200+01:00  INFO 25392 --- [WeatherApi] [           main] o.s.cloud.context.scope.GenericScope     : BeanFactory id=946ae52d-6687-3c6b-8a79-dc377fa0f8ba
2025-12-14T18:24:35.438+01:00  INFO 25392 --- [WeatherApi] [           main] o.s.b.w.embedded.tomcat.TomcatWebServer  : Tomcat initialized with port 8080 (http)
2025-12-14T18:24:35.450+01:00  INFO 25392 --- [WeatherApi] [           main] o.apache.catalina.core.StandardService   : Starting service [Tomcat]
2025-12-14T18:24:35.451+01:00  INFO 25392 --- [WeatherApi] [           main] o.apache.catalina.core.StandardEngine    : Starting Servlet engine: [Apache Tomcat/10.1.46]
2025-12-14T18:24:35.515+01:00  INFO 25392 --- [WeatherApi] [           main] o.a.c.c.C.[Tomcat].[localhost].[/]       : Initializing Spring embedded WebApplicationContext
2025-12-14T18:24:35.516+01:00  INFO 25392 --- [WeatherApi] [           main] w.s.c.ServletWebServerApplicationContext : Root WebApplicationContext: initialization completed in 976 ms
2025-12-14T18:24:35.662+01:00  INFO 25392 --- [WeatherApi] [           main] com.zaxxer.hikari.HikariDataSource       : HikariPool-1 - Starting...
2025-12-14T18:24:35.839+01:00  INFO 25392 --- [WeatherApi] [           main] com.zaxxer.hikari.pool.HikariPool        : HikariPool-1 - Added connection conn0: url=jdbc:h2:mem:weatherdb user=WEATHER
2025-12-14T18:24:35.842+01:00  INFO 25392 --- [WeatherApi] [           main] com.zaxxer.hikari.HikariDataSource       : HikariPool-1 - Start completed.
2025-12-14T18:24:35.922+01:00  INFO 25392 --- [WeatherApi] [           main] o.hibernate.jpa.internal.util.LogHelper  : HHH000204: Processing PersistenceUnitInfo [name: default]
2025-12-14T18:24:35.978+01:00  INFO 25392 --- [WeatherApi] [           main] org.hibernate.Version                    : HHH000412: Hibernate ORM core version 6.6.29.Final
2025-12-14T18:24:36.010+01:00  INFO 25392 --- [WeatherApi] [           main] o.h.c.internal.RegionFactoryInitiator    : HHH000026: Second-level cache disabled
2025-12-14T18:24:36.273+01:00  INFO 25392 --- [WeatherApi] [           main] o.s.o.j.p.SpringPersistenceUnitInfo      : No LoadTimeWeaver setup: ignoring JPA class transformer
2025-12-14T18:24:36.321+01:00  WARN 25392 --- [WeatherApi] [           main] org.hibernate.orm.deprecation            : HHH90000025: H2Dialect does not need to be specified explicitly using 'hibernate.dialect' (remove the property setting and it will be selected by default)
2025-12-14T18:24:36.336+01:00  INFO 25392 --- [WeatherApi] [           main] org.hibernate.orm.connections.pooling    : HHH10001005: Database info:
	Database JDBC URL [Connecting through datasource 'HikariDataSource (HikariPool-1)']
	Database driver: undefined/unknown
	Database version: 2.4.240
	Autocommit mode: undefined/unknown
	Isolation level: undefined/unknown
	Minimum pool size: undefined/unknown
	Maximum pool size: undefined/unknown
2025-12-14T18:24:36.657+01:00  INFO 25392 --- [WeatherApi] [           main] o.h.e.t.j.p.i.JtaPlatformInitiator       : HHH000489: No JTA platform available (set 'hibernate.transaction.jta.platform' to enable JTA platform integration)
2025-12-14T18:24:36.661+01:00  INFO 25392 --- [WeatherApi] [           main] j.LocalContainerEntityManagerFactoryBean : Initialized JPA EntityManagerFactory for persistence unit 'default'
2025-12-14T18:24:36.924+01:00  INFO 25392 --- [WeatherApi] [           main] o.s.b.a.h2.H2ConsoleAutoConfiguration    : H2 console available at '/h2-console'. Database available at 'jdbc:h2:mem:weatherdb'
2025-12-14T18:24:37.201+01:00  INFO 25392 --- [WeatherApi] [           main] o.s.b.w.embedded.tomcat.TomcatWebServer  : Tomcat started on port 8080 (http) with context path '/'
2025-12-14T18:24:37.365+01:00  INFO 25392 --- [WeatherApi] [           main] c.e.u.weatherapi.WeatherApiApplication   : Started WeatherApiApplication in 3.415 seconds (process running for 3.876)


Cependant, je n'arrive pas à faire un appel vers l'API avec POSTMAN. J'ai une erreur 404</historyEntry>
      </list>
    </option>
    <option name="tipsCardVisible" value="false" />
  </component>
</application>