<application>
  <component name="Trusted.Paths">
    <option name="TRUSTED_PROJECT_PATHS">
      <map>
        <entry key="C:\Users\romai\Documents\archi_micro_service\ClientApi" value="true" />
        <entry key="C:\Users\romai\Documents\archi_micro_service\weather" value="true" />
        <entry key="C:\Users\romai\Documents\archi_micro_service\weather\WeatherApi" value="true" />
        <entry key="C:\Users\romai\Documents\archi_micro_service\weather\weather" value="true" />
        <entry key="C:\Users\romai\Documents\archi_micro_service\weather\weather\gradle" value="true" />
      </map>
    </option>
  </component>
</application>