<application>
  <component name="DimensionService">
    <size key="GridCell.Tab.0.left.0.0.1920.1080@120dpi" width="1818" height="278" />
    <size key="GridCell.Tab.0.center.0.0.1920.1080@120dpi" width="1818" height="278" />
    <size key="GridCell.Tab.0.right.0.0.1920.1080@120dpi" width="1818" height="278" />
    <size key="GridCell.Tab.0.bottom.0.0.1920.1080@120dpi" width="1818" height="278" />
    <size key="GridCell.Tab.1.left.0.0.1920.1080@120dpi" width="1818" height="278" />
    <size key="GridCell.Tab.1.center.0.0.1920.1080@120dpi" width="1818" height="278" />
    <size key="GridCell.Tab.1.right.0.0.1920.1080@120dpi" width="1818" height="278" />
    <size key="GridCell.Tab.1.bottom.0.0.1920.1080@120dpi" width="1818" height="278" />
    <size key="GridCell.Tab.2.left.0.0.1920.1080@120dpi" width="1818" height="278" />
    <size key="GridCell.Tab.2.center.0.0.1920.1080@120dpi" width="1818" height="278" />
    <size key="GridCell.Tab.2.right.0.0.1920.1080@120dpi" width="1818" height="278" />
    <size key="GridCell.Tab.2.bottom.0.0.1920.1080@120dpi" width="1818" height="278" />
    <size key="GridCell.Tab.3.left.0.0.1920.1080@120dpi" width="1818" height="278" />
    <size key="GridCell.Tab.3.center.0.0.1920.1080@120dpi" width="1818" height="278" />
    <size key="GridCell.Tab.3.right.0.0.1920.1080@120dpi" width="1818" height="278" />
    <size key="GridCell.Tab.3.bottom.0.0.1920.1080@120dpi" width="1818" height="278" />
    <size key="GridCell.Tab.4.left.0.0.1920.1080@120dpi" width="1818" height="278" />
    <size key="GridCell.Tab.4.center.0.0.1920.1080@120dpi" width="1818" height="278" />
    <size key="GridCell.Tab.4.right.0.0.1920.1080@120dpi" width="1818" height="278" />
    <size key="GridCell.Tab.4.bottom.0.0.1920.1080@120dpi" width="1818" height="278" />
    <size key="GridCell.Tab.5.left.0.0.1920.1080@120dpi" width="1818" height="284" />
    <size key="GridCell.Tab.5.center.0.0.1920.1080@120dpi" width="1818" height="284" />
    <size key="GridCell.Tab.5.right.0.0.1920.1080@120dpi" width="1818" height="284" />
    <size key="GridCell.Tab.5.bottom.0.0.1920.1080@120dpi" width="1818" height="284" />
  </component>
  <component name="WindowManager">
    <frame x="-9" y="-9" width="1938" height="1038" extendedState="6" />
  </component>
  <component name="WindowStateApplicationService">
    <state width="710" height="111" key="ShowUsagesActions.dimensionServiceKey" timestamp="1766836480261">
      <screen x="0" y="0" width="1536" height="816" />
    </state>
    <state width="710" height="111" key="ShowUsagesActions.dimensionServiceKey/0.0.1536.816" timestamp="1766836480261" />
    <state x="768" y="380" width="800" height="650" key="WELCOME_SCREEN" timestamp="1766848654916">
      <screen x="0" y="0" width="1536" height="816" />
    </state>
    <state x="768" y="380" width="800" height="650" key="WELCOME_SCREEN/0.0.1536.816" timestamp="1766848654916" />
  </component>
</application>